Aho,Aro,Agard,Andersen,Agner,Alling,Amundsen,Axelsen
Bagge,Balle,Bank,Bech,Beske,Bille,Birky,Bjorn,Bissen,Birk,Bloch,Borgen,Borges,Bram,Brander,Bredenburg,Buske
Couri,Christensen,Carlsen,Caspersen,Colding,Corse
Danielsen,Dastrup,Didriksen,Dall,Drost
Elo,Eskola,Egeberg,Eilert,Ericksen
Faaborg,Fano,Farver,Felsing,Fogt,Fey,Finne,Fiske,Frederiksen,Frieberg,Floor,Frisk,Froberg,Fugleberg
Gad,Greisen,Gilberg,Gram,Gustavsen,Gundersen,Gunst
Halla,Halko,Harju,Hanka,Heino,Hietala,Huhtala,Haagen,Haagensen,Hansen,Helt,Hatke,Hauge,Henrichsen,Hjort,Hertz,Hillner,Hom,Host,Hoyer,Holten
Iversen,Ipsen
Joki,Jokinen,Jarvi,Jokela,Justi,Jansen,Jepsen,Johnsen,Jorgensen,Juul,Jurs
Kalas,Karjala,Karvonen,Kantola,Kari,Kivela,Kivi,Keto,Keranen,Korpi,Koski,Kotila,Kai,Kahr,Karlsen,Kirkegaard,Klausen,Krag,Krebs,Kring
Lahti,Laine,Laitinen,Lakso,Lammi,Lampi,Lauri,Leino,Lepisto,Lage,Larsen,Laxson,Lemming,Lennert,Lerche,Lisby,Lorensen,Ludvigsen
Maki,Manner,Manni,Makela,Manninen,Marttila,Murto,Mattila,Markussen,Mathiesen,Mattsen,Meyer,Meier,Morgensen
Neva,Nevala,Niemela,Niva,Nurmi,Niska,Nelsen,Nickelsen,Nielsen
Oja,Ojala,Ollila,Ohlsen,Orum,Osmundsen,Overby
Paavola,Peltonen,Perala,Palo,Puro,Pulli,Poulsen
Ramo,Rinne,Rask,Rasmussen,Raun,Rosdahl
Saarela,Saari,Sakala,Savela,Salmi,Salo,Suomi,Samuelsen,Soren,Sorensen,Sogard,Steffensen,Svendsen,Sylvest
Takala,Tolonen,Tanner,Tuomi,Thagard,Thoresen,Thorman,Tobiassen,Tranberg
Valli,Vork
Ursin
Winberg,Williamsen,Went,Wenzell
