Ali,Alexander,Anderson,Abbott,Abney,Acker,Ackroyd,Adams,Adley,Afton,Ainsley,Alban,Alcott,Alden,Aldrich,Alridge,Alkins,Allenson,Allen,Allport,Alman,Ames,Amber,Ambrose,Amos,Andry,Andrews,Anselm,Antley,Appleby,Aplin,Archer,Arkwright,Armstrong,Arnett,Ashburn,Ashton,Atwood,Attridge,Austin,Ayres
Brown,Babbit,Babcock,Babington,Bagge,Bafford,Bailey,Barnes,Baldwin,Ballard,Bannister,Barber,Barcroft,Barker,Barlow,Barnell,Barnett,Barr,Barrow,Bartram,Bates,Bayles,Beacham,Beacher,Beadle,Beal,Beaman,Beardsley,Beatley,Beauford,Beaumont,Beazley,Beckett,Beckham,Beech,Belmont,Benford,Bentley,Berkeley,Berman,Bicknell,Biers,Bigelow,Binford,Binks,Birch,Birkes,Bissell,Blackard,Blanchard,Blackmore,Bledsoe,Bleakley,Blunt,Bly,Boggs,Boroughs,Bosley,Borton,Bostwick,Bowen,Bradfield,Bradshaw,Bradberry,Branson,Brewer,Bridgeford,Bridger,Brindley,Brockwell,Bryant,Buckland,Buckley,Bufford,Bullard,Bumstead,Burbank,Burrus
Clarke,Cox,Cable,Cadwell,Cadman,Calbert,Camber,Camden,Caraway,Carlisle,Carman,Carrington,Cassell,Castor,Chadburn,Chaddick,Chadwick,Chamberlain,Chappel,Chauncey,Chestnut,Childress,Chumley,Churchill,Claiborne,Clarkson,Clyburn,Cobb,Cockner,Cockrill,Codrington,Cogburn,Coleman,Collinsworth,Cook,Coolidge,Copper,Cooper,Corbett,Cordy,Corley,Cornwell,Coulson,Court,Covington,Cowlishaw,Coxen,Craddick,Craft,Crampton,Creek,Crest,Crispin,Crittenden,Crocker,Crofton,Crooks,Croswell,Cullen,Cumming,Currington,Curtis,Cutler
Davis,Davies,Dabney,Dail,Dain,Daggett,Darby,Darling,Darcy,Darter,Darwin,Dawes,Dawkins,Dawson,Daxton,Decker,Delaney,Denson,Derby,Dickens,Diggs,Dillard,Dingle,Dobbins,Dobbs,Dolby,Dolton,Dowdey,Dowling,Drayton,Duckett,Duford,Dunford,Dunning
Earnshaw,EastmanEckford,Eckley,Edgecombe,Edgeworth,Eggleston,Eldred,Elkins,Elwood,Emerson,Enfield,Epps,Eubanks,Everard
Fairbanks,Fawkes,Fallows,Farnsworth,Fiddler,Fielding,Figg,Fincher,Flagg,Fleetwood,Fleming,Fletcher,Flowers,Flynt,Forman,Foster,Fox,Foxworthy,Franklin,Friar,Fulcher,Fuller
Gadsden,Gadsby,Gannett,Garard,Garnett,Garland,Gardener,Gibbins,Gifford,Gillett,Glascock,Godard,Goodman,Goodfellow,Goodyear,Gordon,Gothard,Granville,Greaves,Greenhill,Greenfield,Guernsey,Gulliford,Gyles,Guthridge
Harris,Hackett,Haddock,Hadley,Hailey,Halstead,Hammond,Hanks,Hanson,Harcourt,Hardwick,Hargrove,Harlowe,Harmon,Harrington,Hartfield,Harston,Hartell,Harwick,Haslem,Hatfield,Hatridge,Hughes,Haverfield,Hawke,Hawse,Hazlett,Headley,Hedgecock,Helms,Hemming,Hendley,Henn,Herrington,Hickerson,Higgins,Hightower,Hindley,Hitchcock,Hitchens,Hodge,Hodgins,Hook,Hood,Hopkins,Hornbuckle,Horner,Hornsby,Hoskins,Howe,Hoyt,Hudman,Hudkins,Huffington,Hurd,Huntington
Inwood,Irwin,Ives
Jones,Johnson,Jackson,James,Jackman,Jefferies,Jellison,Jenkins,Judkins
Khan,Kelly,Kay,Karson,Keaton,Keighley,Kendall,Kendricks,King,Kingsford,Kingsbury,Kinslow,Kirkley,Kirkland,Kitchener,Knightley,Knott
Lewis,Lee,Lacock,Lancaster,Lanfear,Langley,Lansing,Laramore,Larkin,Lattimore,Lavine,Layland,Leavitt,Lemon,Lester,Letts,Leyland,Liggins,Linden,Lindsey,Littlewood,Lockridge,Longfellow,Longshore,Looker,Lowes,Ludwick,Lukely,Lutman,Lyttle
Mason,Mitchell,Martin,Murphy,Malden,Mallory,Mann,Mansfield,Marcy,Mariner,Marlowe,Marshall,Martel,Mathies,Maulden,Meachem,Meadowcroft,Medcalf,Mercer,Merrill,Merriman,Merriweather,Myers,Milhouse,Millard,Minkley,Moneypenny,Morefield,Morton,Moss,Mulberry,Musgrave
Nasby,Neall,Nesbett,Newberry,Newcombe,Newman,Newson,Nickolson,Nickelson,Nock,Norrick,Norwich,Norwood
Oatley,Oakley,Oakes,Oliver,Orchard,Orton,Osmond
Patel,Phillips,Packard,Paine,Painter,Palfrey,Parcel,Parish,Parker,Parson,Partridge,Pauling,Pendleton,Penix,Penfield,Penny,Pennywise,Perks,Perkins,Peters,Peterson,Perry,Phelps,Pickard,Philips,Philipson,Pike,Pierce,Pittman,Pointer,Pooley,Porter,Potter,Powers,Powel,Prater,Pratt,Preston,Prestridge,Price,Pritchett,Pugsley,Purnell,Putman
Quimby,Quinton
Roberts,Rose,Ryan,Robinson,Rackham,Radcliff,Raine,Rawdon,Rawling,Rayes,Reed,Reeve,Richardson,Ridgeway,Rigsby,Riley,Rodney,Roderick,Rolfe,Rollins,Rooker,Rowen,Royce,Rutledge,Ryder
Smith,Saban,Sackett,Saddler,Safford,Sainsbury,Salter,Sanburn,Samuels,Sanders,Sanford,Saunders,Saxton,Sawyer,Scarbrough,Scofield,Scott,Scrivener,Seager,Seal,Sears,Seaward,Sedgwick,Sessions,Seward,Shackleford,Sarpe,Shaw,Shelby,Sherfield,Shipp,Shockley,Shreves,Shrewsbery,Sidney,Silsby,Silvers,Singleton,Skye,Slocumb,Sloman,Slocum,Smallwood,Smead,Smithers,Snelling,Snowdon,Sole,Somers,Sorsby,Southwick,Spalding,Sparhawk,Sparrow,Spears,Spencer,Spicer,Spillman,Spire,Springer,Stabler,Stafford,Stallsworth,Stamer,Stanton,Starmer,Statham,Stembridge,Stell,Stenson,Stevens,Steward,Stockford,Stockton,Stokes,Stokely,Stowe,Streater,Stringfield,Stroud,Striker,Stubbins,Styles,Summerfield,Sumner,Sunderland,Sutherby,Sutton,Sykes
Taylor,Thomas,Thompson,Turner,Tabor,Tailor,Tayler,Tankard,Tardiff,Trebbs,Tennyson,Tenpenny,Thatcher,Thacker,Thornton,Thrasher,Tibbets,Tibbs,Tilden,Tilley,Tillman,Tindel,Tippett,Toby,Todd,Tomlin,Tooke,Torbett,Towne,Townsend,Trafford,Tras,Trewin,Troup,Truman,Turbin,Tyson
Underwood,Underhill,Upton,Upshaw
Valentine,Varley,Varney,Vickers,Vincent,Vintner
Williams,Wilson,White,Walker,Wadley,Wadleigh,Wainer,Walden,Walpole,Walworth,Warner,Warwick,Warton,Washburne,Watts,Wayland,Weathersby,Wescott,Westbrook,Wentworth,Westfield,Weston,Whaley,Whalen,Whicker,Whitby,Whiteley,Whitehurst,Winslow,Whittemore,Whorley,Whorton,Wickham,Wiggins,Winfield,Wilbur,Wilcox,Wiltshire,Winchester,Winthrop,Wix,Wolfram,Wolfe,Wood,Woodcock,Woodell,Woodward,Woolsey,Worster,Wren,Wrigley,Wayland,Wyne,Wyndham
Yardley,Yates,Yarbrough,Yarrington,Yeoman,Ork,Young
